PG2,VM1,VM2,VM3,Feas
0.9009009009009009,0.9492492492492492,1.0765765765765767,1.060960960960961,1.0
0.5405405405405406,0.9134134134134134,0.9972972972972973,0.9162162162162163,1.0
1.1011011011011012,1.0693693693693693,1.0203203203203204,1.0403403403403404,1.0
0.7407407407407407,0.9686686686686687,0.9516516516516517,1.0091091091091091,1.0
1.1211211211211212,1.0485485485485486,0.9826826826826828,1.027927927927928,1.0
0.3203203203203203,0.9330330330330331,0.9630630630630631,1.0125125125125125,1.0
0.06006006006006006,1.0791791791791794,0.9296296296296297,0.9514514514514515,1.0
1.0810810810810811,1.0193193193193193,0.9846846846846847,0.9844844844844846,1.0
0.6806806806806807,1.0955955955955956,0.9442442442442442,0.9282282282282283,1.0
0.04004004004004004,0.9516516516516517,1.0615615615615617,1.0095095095095097,1.0
0.5005005005005005,0.9398398398398399,0.966866866866867,0.9218218218218218,1.0
0.2002002002002002,0.9712712712712713,1.016116116116116,1.0793793793793793,1.0
0.14014014014014015,0.9014014014014015,1.018918918918919,1.0809809809809812,1.0
0.3003003003003003,0.9478478478478479,0.9162162162162163,1.0407407407407407,1.0
0.2802802802802803,1.006906906906907,1.072772772772773,0.9592592592592593,1.0
0.7807807807807807,1.0605605605605606,0.9748748748748749,0.9088088088088089,1.0
1.2012012012012012,0.9272272272272273,0.9062062062062062,0.9486486486486487,1.0
0.8008008008008008,1.0065065065065066,0.9540540540540541,1.0003003003003004,1.0
0.22022022022022023,0.9042042042042042,1.0961961961961963,0.9598598598598599,1.0
1.1811811811811812,0.9328328328328329,0.9926926926926928,1.03993993993994,1.0
0.18018018018018017,1.052952952952953,1.0135135135135136,1.0501501501501502,1.0
0.42042042042042044,0.9898898898898899,0.9304304304304305,1.0807807807807808,1.0
0.38038038038038036,1.0117117117117118,0.9196196196196197,0.9590590590590591,1.0
1.2212212212212212,0.9458458458458459,1.0103103103103104,0.9596596596596597,1.0
0.7607607607607607,1.0271271271271272,1.042942942942943,1.0967967967967969,1.0
0.08008008008008008,1.07997997997998,1.0581581581581583,1.0657657657657658,1.0
0.8208208208208209,1.074974974974975,1.032932932932933,1.0671671671671672,1.0
0.7007007007007007,0.91001001001001,0.9108108108108108,1.0183183183183184,1.0
1.4014014014014013,1.0555555555555556,0.9290290290290291,0.9478478478478479,1.0
0.16016016016016016,1.0135135135135136,0.9976976976976978,1.0033033033033034,1.0
0.4004004004004004,0.9230230230230231,0.9076076076076076,0.901001001001001,1.0
0.8608608608608609,1.0787787787787788,1.0145145145145147,0.997897897897898,1.0
1.021021021021021,0.9470470470470471,0.9656656656656657,0.9326326326326326,1.0
0.0,1.094994994994995,1.0051051051051052,0.9988988988988989,1.0
1.0610610610610611,1.044944944944945,0.9334334334334334,1.0457457457457457,1.0
0.8408408408408409,0.9846846846846847,0.9654654654654655,0.9916916916916918,1.0
0.9209209209209209,1.0171171171171172,1.0771771771771772,1.0531531531531533,1.0
0.46046046046046046,0.9904904904904905,1.08978978978979,0.9922922922922923,1.0
1.3613613613613613,1.0245245245245247,0.9130130130130131,0.9480480480480481,1.0
0.5205205205205206,1.0805805805805806,0.9766766766766767,0.9352352352352352,1.0
0.5605605605605606,0.9198198198198199,1.082782782782783,0.9372372372372373,1.0
0.6206206206206206,0.9822822822822823,1.0767767767767769,1.016116116116116,1.0
1.4814814814814814,1.0411411411411413,0.9330330330330331,0.9382382382382383,1.0
0.6606606606606606,0.9038038038038039,1.0023023023023023,1.0767767767767769,1.0
0.6406406406406406,1.0813813813813815,0.9730730730730731,0.9720720720720721,1.0
0.24024024024024024,0.9856856856856857,1.0805805805805806,1.048948948948949,1.0
0.34034034034034033,1.0085085085085086,1.0195195195195197,0.9604604604604605,1.0
0.44044044044044045,0.9342342342342342,0.9690690690690691,1.042742742742743,1.0
0.12012012012012012,0.9452452452452453,0.9498498498498499,1.0031031031031032,1.0
0.4804804804804805,1.0809809809809812,1.0655655655655656,1.0481481481481483,1.0
1.2412412412412412,1.0513513513513515,1.0117117117117118,0.9864864864864865,1.0
0.8808808808808809,0.9338338338338339,0.9840840840840841,1.0297297297297299,1.0
0.9409409409409409,1.0545545545545547,1.0181181181181183,0.9724724724724725,1.0
0.2602602602602603,0.951051051051051,0.9686686686686687,0.9344344344344344,1.0
0.36036036036036034,1.05995995995996,0.9896896896896897,0.9502502502502503,1.0
0.02002002002002002,1.034934934934935,0.9022022022022023,0.9610610610610612,1.0
1.0410410410410411,0.9324324324324325,1.037737737737738,0.9848848848848849,1.0
0.1001001001001001,0.9256256256256257,1.0553553553553554,1.037937937937938,1.0
0.6006006006006006,0.9532532532532533,1.0091091091091091,0.9336336336336337,1.0
1.2812812812812813,0.9752752752752754,1.0151151151151152,0.9924924924924925,1.0
0.5805805805805806,1.0673673673673674,0.9710710710710712,1.044944944944945,1.0
1.001001001001001,0.9776776776776778,0.987887887887888,1.0231231231231233,1.0
2.3623623623623624,0.9030030030030031,0.9206206206206207,1.06976976976977,0.0
16.73673673672544,2.781344916209998,3.11996952415818,2.0344540870374654,0.0
14.67467467467075,2.5595828549215396,2.9715349940130262,1.7593177483657145,0.0
8.988988988928922,1.7933725075499525,2.530436503407849,0.9222222226049632,0.0
18.738738738735165,3.011337317152019,3.261129435894325,2.2563592155778127,0.0
15.035035035033694,2.6068623764334022,2.997221927009628,1.8017115088474573,0.0
12.032032032030928,2.3339774212305837,2.7748728624922445,1.2878231757447722,0.0
17.537537537534966,2.889708350202113,3.176078346988844,2.1108591970013464,0.0
13.993993993992545,2.449180529219256,-2.9241411471387795,-1.6969392579227665,0.0
12.972972972971924,2.355423528396263,2.8487572783785873,1.5235791565110366,0.0
2.5225225225225225,0.9886886886886888,0.9664664664664665,0.9986986986986988,0.0
9.249249249186834,1.7919298565099193,2.4601907946025534,1.0417417421424613,0.0
17.717717717715033,2.8713683987157537,3.1903251285684133,-2.168364525424664,0.0
16.256256252788592,2.70177204621662,3.0868362671156007,-2.000541066788245,0.0
16.396396396391875,2.7480443388364972,3.095478530041069,1.9882676553076537,0.0
15.915915915914363,2.6739103955143135,3.062025595605372,1.947821113341243,0.0
11.071071071049378,2.3009618330686927,2.699428425505866,1.0456759064772025,0.0
9.86986986986443,1.9066171593955725,2.6297423088803424,1.0849849851193072,0.0
19.3193193193152,3.0321434813420316,3.3031700711550886,2.359321602807531,0.0
17.15715715715501,2.8476359026109392,3.149099202017912,2.0660895949268214,0.0
2.022022022022022,0.9378378378378379,1.0405405405405406,0.9458458458458459,0.0
10.29029029028723,2.1386715554177442,2.6462225897338194,0.9752752754916509,0.0
18.198198198161396,2.926229862719211,3.224205223050172,2.2211037574324544,0.0
8.448448448398045,1.6774214355727128,2.7993210379925273,0.9950950954005519,0.0
13.453453453452122,2.43157172179796,2.8824579469328993,1.5747526126685587,0.0
11.671671671670543,2.323536852033537,2.7465591484818828,1.1966241421119745,0.0
2.5425425425425425,1.0153153153153154,0.9638638638638639,1.0515515515515517,0.0
2.4224224224224224,1.0943943943943946,1.0661661661661663,1.0097097097097099,0.0
17.297297296591868,2.8216068595639294,3.160668250263346,-2.1226089881867467,0.0
18.25825825823624,2.9192574184042144,3.2288554028938017,2.2408086693233096,0.0
13.273273273272125,2.399312543680646,2.8700232428953028,1.5595114244251025,0.0
13.713713713712684,2.4055656087195274,2.904467365549853,1.6682642584906204,0.0
18.918918918915253,2.9936334209360633,3.275082156565295,2.3115450327874245,0.0
17.397397397380274,2.8574303050456225,3.166819579108246,2.110580891403809,0.0
11.25125125121662,2.308603697256061,2.7135342109413774,1.090645923526102,0.0
11.531531531479821,2.3189448471361365,2.7355484796838825,1.161196012500123,0.0
14.354354354351006,2.5427683101677707,2.9473642984443416,1.6958662136906637,0.0
15.795795795786756,2.6680181896581514,3.053072690357405,1.9251430900286708,0.0
14.194194194191638,2.484812343274634,2.937842208677128,1.712568282280814,0.0
12.352352352351266,2.342007056335407,2.800071377898382,1.368648663529549,0.0
11.491491491444993,2.3175677137791513,2.732403872209606,1.1510871216552907,0.0
10.850850850844825,2.188187177994152,2.6886195137227964,1.0941941947997953,0.0
15.335335335325615,-2.3975049671036035,3.0317529835902866,2.0815403893274933,0.0
2.4424424424424425,1.0145145145145147,0.9446446446446447,1.0025025025025025,0.0
2.6026026026026026,0.9582582582582583,1.0861861861861863,0.9614614614614615,0.0
15.495495495491893,2.6088172494529642,3.032743898250232,1.911269556698972,0.0
19.83983983983538,3.1401853491431853,3.337631911648092,2.365101666681335,0.0
14.174174174171863,2.47517750342188,2.936790357620818,1.7170222670552462,0.0
16.47647647647029,-2.4172438767941986,3.1184408832608557,2.331712261313496,0.0
18.778778778271192,2.984956758365376,3.264984286118729,-2.2900072429910314,0.0
16.51651651651253,2.7290150057443294,3.105482760506149,2.0344531915475588,0.0
13.393393393392367,2.3885394500257604,2.880151964797843,1.6018275970136968,0.0
0.980980980980981,0.9138138138138139,0.9072072072072073,1.064964964964965,0.0
16.776776776775034,2.7772296966900143,3.1231807216698146,2.0475787299278885,0.0
18.118118118115092,2.925540301185118,3.218252161616253,2.2043380010392526,0.0
19.759759759755294,3.0809491041374337,3.33376255778691,2.404620815709452,0.0
9.64964964957963,1.8994618417155649,2.611980192906763,1.0225225231336226,0.0
2.5025025025025025,1.0979979979979981,1.0991991991991994,1.0431431431431433,0.0
12.832832832831777,2.352577107131602,2.8377790591617607,1.4888381437925797,0.0
9.469469469377202,1.9111595890688398,2.5958643918707294,0.9522522536494732,0.0
16.61661661661458,2.802923704768498,3.1099469022960395,1.9861138899027984,0.0
11.871871871870757,2.3295528184674463,2.762280845524529,1.2472976561003364,0.0
19.35935935932273,-2.469758217298021,3.331942225217572,2.9142621721282986,0.0
16.196196196035935,2.715303250526415,3.0817188511502485,-1.9734107845719968,0.0
19.859859859855383,3.114903464319965,3.339930696896848,2.3931192454871786,0.0
11.631631631630501,2.3222596176390335,2.743412497489665,1.1864956426713025,0.0
19.059059059055162,3.043647352797112,3.283610545334221,2.2936598752045514,0.0
1.921921921921922,0.9956956956956957,1.0191191191191191,0.9374374374374375,0.0
13.2532532532521,2.407386652378384,2.8679781393524277,1.5461972963968467,0.0
17.657657657655573,3.2689875072177976,7.195661213850953,6.839589410030893,0.0
2.1821821821821823,1.0465465465465467,1.0695695695695697,0.9482482482482483,0.0
14.634634634631603,2.517296722444441,2.9705747160143225,1.7909576349817249,0.0
12.992992992992457,2.689536123517622,6.462583072398206,6.110343670805786,0.0
5.005005005003493,1.030441143470053,2.8687906321902457,1.01491491491379,0.0
18.13813813813513,2.9543289700482847,3.218655643960444,2.1812063611064083,0.0
10.490490490488869,2.09247254362202,2.665876383902779,1.0835835836467531,0.0
2.7627627627627627,1.0415415415415417,0.9750750750750752,0.946846846846847,0.0
1.3413413413413413,0.9688688688688689,0.9122122122122123,1.0811811811811813,0.0
10.130130130127688,2.1158087990055807,2.6346756013572805,0.9492492493927788,0.0
19.47947947944955,3.055114857683642,3.314096906992987,2.370969654427395,0.0
13.973973973972678,2.451334810978336,2.9223780918335507,1.689690123478671,0.0
14.834834834831694,2.5529589081479926,2.984332884509599,1.8054054095907435,0.0
8.628628628573315,1.7222852188757767,2.35829708168799,0.9550550553967267,0.0
16.91691691691471,2.8205861125672147,3.1320183744573282,2.037730989097716,0.0
1.961961961961962,1.0101101101101102,1.0755755755755756,1.087787787787788,0.0
9.38938938933346,1.923465818447213,2.588110802920414,0.9134134137957773,0.0
11.0110110109695,2.2982112859870227,2.6947340812876495,1.030781398554756,0.0
12.71271271271165,2.3500634113478642,2.8283612487872865,1.4589387308831145,0.0
19.819819819819024,3.0923663687331557,3.337775010274367,2.4061990945937093,0.0
14.014014014011625,2.486892977411667,2.9236004123662926,1.6647361080170875,0.0
18.698698698684158,2.966917225881039,3.2597806386266246,2.2901104032373465,0.0
11.791791791790672,2.3272165177755806,2.7559851906466397,1.227025633146689,0.0
11.951951951950841,2.331804184544941,2.7685768839596805,1.2675655229196379,0.0
3.4634634634634636,1.0735735735735736,1.0281281281281283,0.9022022022022023,0.0
13.173173173172135,2.3891819410637383,2.8626732006071234,1.5431516902949198,0.0
14.434434434431333,2.5124710897816978,2.9551786736021906,1.7457689896090824,0.0
17.37737737735625,2.837513411074668,3.16611240344404,2.1252386010782955,0.0
14.294294294291339,2.5018716208785663,2.9447762577588454,1.7210084235666288,0.0
16.076076076074504,2.7187406504691736,3.07228519955989,1.9419754273105763,0.0
15.455455455445959,2.6549527540741553,3.0274707236067653,1.8566453275724917,0.0
3.843843843843844,0.9742742742742743,1.0985985985985987,1.012912912912913,0.0
17.917917917915076,2.9307896354143637,3.203034024606962,2.155553481480883,0.0
16.036036036024008,-2.40957284251459,3.0851081682447976,2.236587804145718,0.0
16.4364364364305,2.7246819967210483,3.0995731120644328,2.0201514273235954,0.0
15.235235235228993,-2.3957896651209327,3.024082599292406,2.059008237714706,0.0
8.608608608554258,1.7256506909807232,2.365805298783682,0.9364364367724312,0.0
17.857857857841875,2.88036086140864,3.2004806384677607,2.1906254496743474,0.0
15.855855855853392,-2.406456854179867,3.0714460819070597,2.1971595529972716,0.0
15.415415415407123,2.654579449971677,3.024398431606806,1.8473830801966242,0.0
9.00900900894625,1.7330798481992007,2.3576188305763415,1.095995996390056,0.0
16.596596596589865,2.7935679979976897,3.108813248859726,1.9905260604026087,0.0
12.512512512511439,2.345694467461292,2.8126506224519474,1.4088782413395438,0.0
3.2632632632632634,1.0845845845845847,0.9824824824824825,1.0301301301301302,0.0
11.851851851850736,2.328976985666922,2.760706877704697,1.2422297893765475,0.0
13.353353353352324,2.3627798276308174,2.8784983115678338,1.6170381848498456,0.0
9.70970970964444,1.8899772384040217,2.617872540217787,1.0517517522252708,0.0
2.7027027027027026,1.0217217217217218,1.0387387387387388,1.0115115115115116,0.0
14.454454454451414,-2.3823963450638157,2.9640935140529674,1.8798836219010369,0.0
8.368368368320006,1.6822947681204758,2.770177914332172,0.9442442445372697,0.0
3.2232232232232234,1.0825825825825826,0.931031031031031,1.0951951951951953,0.0
13.673673673672303,2.4357518507777525,2.899605585488535,1.6279009624274012,0.0
11.891891891890777,2.330123323599149,2.7638548382652686,1.2523652823046663,0.0
18.658658658653778,2.969509427217766,3.2567209816047096,2.2790760579789793,0.0
10.35035035034748,2.125473244026858,2.6520447517664087,1.0071071072825506,0.0
17.077077077067468,2.8090680483999835,3.144600777092061,2.085112005190217,0.0
3.083083083083083,0.9248248248248249,1.0075075075075075,1.000900900900901,0.0
13.413413413412387,2.371139282979616,2.8827558156776067,1.6244422213347018,0.0
9.809809809808561,2.0295509729467702,2.6145570889573304,0.93763763767121,0.0
17.237237237235068,3.0857891350038775,3.1464180264186474,1.85717218814808,0.0
11.711711711710587,2.324788031661221,2.7497062253158933,1.2067559609025051,0.0
1.5815815815815817,1.076976976976977,0.9370370370370371,0.9582582582582583,0.0
9.089089089032308,1.796867799687177,2.510483826048499,0.957657658020646,0.0
1.4414414414414414,1.014914914914915,1.0441441441441441,1.0887887887887888,0.0
8.548548548495335,1.6976078217271666,2.7830725125985096,0.9860860864115406,0.0
2.5825825825825826,1.0885885885885886,1.0455455455455456,0.9198198198198199,0.0
14.534534534531348,2.5406300832882383,2.961543254890946,1.7430778830912494,0.0
17.43743743743498,2.8637250637437144,3.1695816328805,2.113478080622804,0.0
1.7817817817817818,1.0721721721721722,1.001901901901902,0.9240240240240241,0.0
2.7427427427427427,0.9108108108108108,1.0083083083083084,1.0895895895895897,0.0
9.969969969968743,1.9603348820264073,2.6333611081074633,1.0599599599839107,0.0
14.154154154151122,2.5136854120414585,2.9331855522383203,1.6739457487160372,0.0
14.994994994986563,2.6079949650464838,2.9940620495233192,1.7908148540770377,0.0
2.8628628628628627,0.9700700700700702,1.0375375375375375,1.0779779779779781,0.0
1.8018018018018018,1.0311311311311313,1.0825825825825826,1.0247247247247249,0.0
9.68968968962571,2.016360042860698,2.6056267074199875,0.9132132136656415,0.0
9.829829829765007,1.943058831259007,2.623183916466148,1.0339339359485897,0.0
15.135135135130975,2.591762882106596,3.0057133083200718,1.8408870476389436,0.0
17.837837837835263,2.9137800135360745,3.1976882806972045,2.1542222074967,0.0
10.590590590586958,2.146759594564148,2.6702109584555536,1.058358358613351,0.0
19.99999999999539,3.1326866097604107,3.3494511089207584,2.405099721005398,0.0
16.056056056054924,3.0844210666952607,6.959402408162574,6.604624466678136,0.0
11.61161161161048,2.3216108978225027,2.741839353436378,1.1814329412068947,0.0
15.595595595585438,2.6560406776927614,3.0382237472890155,1.8891576878444587,0.0
15.375375375367314,-2.3981913176699936,3.034865883755257,2.0905262589860483,0.0
19.15915915915517,3.0421444509349294,3.2910305539681666,2.3161923717859194,0.0
12.672672672671606,-2.3492080745745563,2.82522013476646,1.448949183017375,0.0
19.499499499467426,3.083377409866444,3.3145883951287503,2.3483439242358353,0.0
9.949949949948712,2.0313093530525705,2.6259969238837026,0.9798798799122743,0.0
12.312312312311224,2.3410544874684325,2.7969253477021514,1.358569345671662,0.0
17.197197197185535,2.805286027185082,3.153847987742146,2.115840906159232,0.0
10.310310310307663,2.176677887254657,2.6453314754603103,0.9428428431084699,0.0
19.89989989989539,3.131729579457172,3.3422126051724357,2.3854513971809284,0.0
15.735735735734234,2.6828688098998104,3.0477780450006975,1.8964512823638073,0.0
10.710710710706326,2.16276928334662,2.6789154546915053,1.078178178528387,0.0
9.609609609546787,1.952053787089609,2.604089944688677,0.9544544548877919,0.0
13.47347347347245,2.3732392990963502,2.8873824613942025,1.6380611958019833,0.0
2.9029029029029028,1.0345345345345347,0.9904904904904905,0.9774774774774775,0.0
3.6436436436436437,1.0971971971971972,1.0791791791791794,1.0029029029029028,0.0
14.094094094092119,2.462929739465105,2.931174411071105,1.7088196324084335,0.0
14.214214214211719,2.481463046138916,2.9395899999764743,1.7209426590061894,0.0
10.530530530526377,2.2354966334791935,2.659550433275471,0.9504504515259005,0.0
11.731731731730608,2.3254042666329204,2.7512798968953565,1.2118227280442502,0.0
13.693693693692264,2.4446428539695195,2.9006916880624933,1.624264061674392,0.0
19.11911911911516,3.0354805250241714,3.2883197951819807,2.3140863251763784,0.0
15.115115115109448,2.578559672253699,3.0048116418232453,1.8489448236845545,0.0
18.598598598595093,2.99409604151098,3.251440781275004,2.242788365705103,0.0
2.3223223223223224,0.9366366366366367,0.9672672672672673,1.04994994994995,0.0
17.757757757755225,2.904189512087417,3.1920501076517134,2.1457577280342144,0.0
9.42942942934832,1.8399792122400909,2.599033204836067,1.0147147156868517,0.0
16.79679679679505,2.8114299239473537,3.123272012378538,2.019184973455277,0.0
13.613613613612541,2.4065158326636538,2.8965170619101723,1.6413836110957223,0.0
15.995995994897154,2.7312457747182903,3.0657500602161,-1.9110584377135291,0.0
9.409409409355437,1.8292128272149049,2.5983937566868205,1.0197197200801655,0.0
11.03103103098281,2.2991403350844783,2.696298404614145,1.035740057245709,0.0
3.4234234234234235,0.9572572572572573,1.0393393393393393,1.0521521521521522,0.0
10.170170170168522,2.1310954122914616,2.6369068916814955,0.9460460461385795,0.0
14.314314314311503,2.489429058674324,2.9470017006114544,1.738332264864553,0.0
16.676676676667977,2.744443286345728,3.116989033049178,2.0563517183231474,0.0
3.1631631631631634,1.0873873873873876,0.9148148148148149,1.0293293293293293,0.0
16.95695695695473,2.7968571694831024,3.1360282822838643,2.069674359202511,0.0
9.78978978978801,1.8885305207846672,2.6247110672853142,1.0787787788122576,0.0
3.2032032032032034,1.057757757757758,0.9554554554554555,1.063963963963964,0.0
15.555555555543114,2.655180851385942,3.0351788419793895,1.8804216936601412,0.0
9.929929929923212,1.9126036863319071,2.634210811713297,1.097597597769147,0.0
16.976976976974743,2.8411289569054645,3.1357296318131103,2.0316152727039207,0.0
11.451451451450309,2.316159931811144,2.7292597841259036,1.1409857369890388,0.0
9.26926926920624,1.8076684798661309,2.5168397939025526,1.0075075079138522,0.0
17.277277277253614,2.8548629229776683,3.1578729871887896,2.086155107748837,0.0
19.099099099095163,3.0425981950189396,3.2865959752152847,2.303106240382039,0.0
15.015015015005089,-2.39201899891668,3.0072705120912335,2.0090938537690097,0.0
18.09809809809522,2.938891586699316,3.2162604360714204,2.1872181984918915,0.0
18.018018018015322,2.909337601204834,3.2113224847427477,2.197985960165344,0.0
9.909909909908668,2.026908085986407,2.6230272020038776,0.9718718719039515,0.0
8.88888888882712,1.7408837794808507,2.3756363651120944,1.0221221225087282,0.0
9.029029028965144,1.7382048177165343,2.36471324598351,1.090990991392902,0.0
14.914914914910357,2.5569895812935544,2.9903463622960533,-1.821143703793549,0.0
2.002002002002002,1.0131131131131133,0.9142142142142142,1.0523523523523524,0.0
3.003003003003003,0.9080080080080081,0.9380380380380381,1.0611611611611613,0.0
10.070070070068851,1.9571610676440847,2.6419405679870325,1.09459459461786,0.0
19.279279279275187,-2.4682388892504656,3.3261226740849366,2.8989427713857556,0.0
11.971971971970865,2.3323545898600915,2.7701508995696624,1.2726310929245537,0.0
13.213213213212102,2.3972988494525205,2.8653806427998645,1.5456611896627404,0.0
3.7037037037037037,1.0451451451451452,1.013913913913914,1.0223223223223223,0.0
3.043043043043043,1.005905905905906,0.9778778778778779,1.0305305305305306,0.0
19.699699699695284,3.1136173482961116,3.3282725626025798,2.3612771507448227,0.0
2.2222222222222223,1.0445445445445447,1.0101101101101102,1.0281281281281283,0.0
14.934934934927686,-2.3906478455232967,3.0010505072735505,1.9908254110795247,0.0
16.276276276274643,2.7655098170562877,3.0855682492080927,1.9435008655679584,0.0
13.373373373372345,-2.386793036612796,2.878734582737721,1.5983165923202336,0.0
12.39239239239131,2.3429468903798405,2.803216956305374,1.3787195672802923,0.0
3.103103103103103,0.9266266266266266,0.9254254254254255,0.9130130130130131,0.0
17.017017017014915,2.8390327744088015,3.1388406990766247,2.0427018614655896,0.0
18.21821821821518,2.92368637417482,3.225785042348464,2.227884245158909,0.0
13.85385385385201,2.4467839352260556,2.9131847450971757,1.6634258936683641,0.0
13.593593593592578,2.38764766488586,2.896027497425787,1.6549843280837016,0.0
1.8818818818818819,1.0491491491491491,1.0133133133133134,0.9738738738738739,0.0
15.695695695681177,2.699156800552192,3.04396640315296,1.871117382548635,0.0
8.868868868811347,1.780132682402186,2.4864442338146104,0.9044044047685663,0.0
8.588588588534627,1.6782975241470244,2.8299047359533422,1.056756757085466,0.0
11.35135135129101,2.312493958448449,2.72140436761057,1.1157769649349327,0.0
13.833833833832829,2.425107147844272,2.91281806101063,1.679796007512982,0.0
1.5615615615615615,0.9960960960960962,1.0403403403403404,1.026926926926927,0.0
9.889889889888284,2.0760803927733686,2.617738963990185,0.9150150150802769,0.0
1.7017017017017018,1.0363363363363365,0.9754754754754755,1.0623623623623624,0.0
18.578578578575172,3.007080095569231,3.2494100188930286,2.2261403790412917,0.0
12.272272272271183,2.340088486925517,2.793778902983161,1.348482217171606,0.0
3.1431431431431434,1.0803803803803804,0.9480480480480481,1.0645645645645647,0.0
11.231231231201471,2.30779658166872,2.7119654375021427,1.0856310741266098,0.0
17.037037037034782,2.8095574171109994,3.141556107207685,2.0755864804863315,0.0
2.3023023023023024,0.9540540540540541,0.9772772772772773,0.9670670670670671,0.0
13.733733733732116,2.453141856493798,2.9033799663316104,1.626190288862009,0.0
12.432432432431353,2.34387431917566,2.806362045077945,1.3887818205782059,0.0
12.232232232231139,2.339108560009617,2.790632081476448,1.3383876791974978,0.0
14.414414414411265,2.5281492951254245,2.9528028296773376,1.7253137842112414,0.0
9.329329329281475,1.8231387897766802,2.592218481698863,1.0001001004193992,0.0
2.2022022022022023,0.9212212212212213,0.9876876876876878,1.084784784784785,0.0
13.093093093092051,2.357799296971394,2.858158594800861,1.553228641495455,0.0
12.572572572571502,2.3470309725337053,2.8173655253523187,1.423924582300986,0.0
17.47747747746003,2.859991292524476,3.1727400533144468,2.1259867915222563,0.0
9.849849849848608,1.9839738344192628,2.621437060786345,0.9974974975243966,0.0
12.91291291291186,2.3542141722374743,2.844053600322779,1.5087094351795745,0.0
11.191191191160538,2.306152540202324,2.7088288655571335,1.0756133972942814,0.0
14.514514514512179,2.5479770347044863,2.959609076489217,1.7308640839786045,0.0
3.5635635635635636,0.9386386386386387,1.074774774774775,1.0691691691691692,0.0
18.31831831831524,2.956187484413955,3.2320077473198143,2.218543553986692,0.0
8.708708708651283,1.7121937492412007,2.3378816442495007,1.0193193196738064,0.0
1.6816816816816818,0.9760760760760762,1.0501501501501502,1.064764764764765,0.0
15.61561561560248,2.648793403946579,3.040102722305745,1.9009977292703135,0.0
16.296296296282666,2.7118332927798643,3.089430883274393,2.0000991116737232,0.0
11.511511511460073,2.3182601181008655,2.733976091777726,1.1561406166677406,0.0
14.714714714710185,2.5635844332751545,2.9744531001671257,1.765312224940148,0.0
11.431431431376861,2.315443430625451,2.727688424343804,1.135938948618895,0.0
9.16916916911345,1.8410126495874795,2.576951194886549,0.9284284287984902,0.0
10.910910910874486,2.2933754832782207,2.686920213078847,1.0060879428090899,0.0
8.948948948889328,1.7660532999744658,2.4235741805384468,0.9800800804564521,0.0
2.4024024024024024,1.050950950950951,1.0361361361361363,1.0445445445445447,0.0
16.896896896884257,2.809869102454274,3.130942512300504,2.0434943368129717,0.0
17.497497497483018,-2.4353699030241898,3.1950226137042317,2.5456633865281866,0.0
8.728728728670994,1.6900296158687107,2.8395706349426755,1.087987988342745,0.0
9.309309309245387,1.794475199083218,2.460712181486821,1.0607607611723866,0.0
12.332332332331246,2.3415324531409727,2.798498417151257,1.3636099728107245,0.0
12.172172172171075,2.337611175652,2.7859112325412707,1.323233156636488,0.0
12.152152152151055,2.3371043529008992,2.7843158287293637,1.3181785743217218,0.0
1.6216216216216217,0.9606606606606607,0.9756756756756757,0.9938938938938939,0.0
1.901901901901902,0.9588588588588589,1.0495495495495497,1.0743743743743743,0.0
7.847847847830996,1.8210807838972998,2.99984847184497,0.974874874833057,0.0
2.7827827827827827,0.9076076076076076,0.9282282282282283,0.9018018018018018,0.0
17.73773773772026,2.8691853582578575,3.191916755421176,2.1748798463744627,0.0
13.013013013011967,2.3670968489181887,2.8512485648838752,1.522607643940856,0.0
18.538538538535267,-2.4543838599134973,3.272010522795851,2.754997897896176,0.0
2.0820820820820822,1.020920920920921,1.0757757757757758,1.0355355355355356,0.0
17.21721721720372,2.8030964601817225,3.155450211466581,2.122453816499317,0.0
12.932932932931882,2.364079346117806,2.8450618739235733,1.504214285987985,0.0
10.730730730725762,2.17162197327552,2.679948643330839,1.0751751756092298,0.0
13.793793793791988,2.4701464559293203,2.9071867594195218,1.624848689971051,0.0
9.989989989967519,1.932573109773232,2.6374269169257287,1.095395396042218,0.0
2.8828828828828827,1.0929929929929931,1.041941941941942,0.9086086086086086,0.0
13.933933933913986,2.43852485081401,2.919940612867657,1.692153577462012,0.0
3.3633633633633635,0.9544544544544545,0.9312312312312313,1.00990990990991,0.0
14.61461461461157,2.518248760619676,2.968964091934897,1.7850439252021595,0.0
9.109109109054568,1.7653111845195788,2.408595960922522,1.0529529532991861,0.0
2.9229229229229228,0.9592592592592593,0.9344344344344344,0.9858858858858859,0.0
12.652652652651586,2.3487778522692477,2.823649828338618,1.4439493152275267,0.0
12.852852852851797,2.3529891283586504,2.8393480064986028,1.4938107009602035,0.0
8.188188188144165,1.6631691614247344,2.7636779446159205,0.9114114116755437,0.0
10.230230230227434,2.176759382031302,2.638789886551465,0.9182182185215076,0.0
15.155155155149055,-2.3944182563202596,3.018007508276511,2.040912343766673,0.0
10.51051051050522,2.1808816565566045,2.661387281366366,0.9994995000625334,0.0
11.131131131105542,2.303607006010624,2.7041268320881358,1.0606217289180722,0.0
9.749749749684419,1.8686440193467564,2.6232296922360256,1.087187187630877,0.0
10.810810810808741,2.2882104792189377,2.6791199791167273,0.9815716551696643,0.0
18.378378378375082,2.9879010362751677,3.2353106602291595,2.2013013539606705,0.0
14.694694694690572,2.558223331864508,2.9731623238947704,1.765614125498784,0.0
10.890890890877339,2.2923684855158157,2.6853590528561573,1.001170880535134,0.0
10.090090090088866,2.021718769766727,2.6383074465508964,1.0335335335633817,0.0
1.3813813813813813,0.9748748748748749,1.0673673673673674,0.976876876876877,0.0
12.472472472471393,2.344790070905109,2.8095066130501087,1.3988347882823982,0.0
18.898898898895187,3.006806461627278,3.27320073443903,-2.294758409319909,0.0
18.838838838835173,3.0078089069282403,3.2686568774384623,2.2810418178082785,0.0
16.09609609609452,2.736438263538948,3.073046985597799,1.9295308625208947,0.0
16.176176176164482,2.6895835717542833,3.0812526580415396,1.9936950778341564,0.0
2.1221221221221223,1.0967967967967969,1.016916916916917,0.9194194194194194,0.0
18.178178178175017,2.961893079449282,3.2213751052870854,2.182702981547213,0.0
10.790790790785998,2.1709619404177314,2.6848847169476118,1.0937937941999505,0.0
10.63063063062824,2.1207367390281333,2.675302815089439,1.0969969971221578,0.0
8.848848848788302,1.7266400536383313,2.353940530467862,1.0429429433200201,0.0
9.589589589528076,1.9612608212469325,2.6016659661138872,0.938438438864209,0.0
8.82882882876887,1.7234940205068374,2.349927882183381,1.0425425429153838,0.0
13.533533533532514,2.3735678993793234,2.892110975854557,1.6534079561647448,0.0
16.696696696679798,2.7570108074950372,3.1179661753155647,2.0487865933203984,0.0
3.5035035035035036,0.9892892892892894,1.091991991991992,0.9992992992992994,0.0
19.21921921918417,3.015654864691656,3.2964095083294667,2.353995842423686,0.0
17.63763763677054,3.129116313963446,3.1750229448702663,-1.9054930674348682,0.0
11.091091091048282,2.3018552330509245,2.7009941396947306,1.0506521652059295,0.0
15.675675675670352,2.6378780374374755,3.0452393288264394,1.9259602729251615,0.0
8.688688688632967,1.7032614528840246,2.3258628580924725,1.0345345348774582,0.0
16.316316316305997,2.7063125978605074,3.0912052984828757,2.010108820350062,0.0
17.517517517503926,2.879219103319947,3.1749866133731435,2.1164577949669594,0.0
14.554554554551402,2.507924508477497,2.9648188590108586,1.7802678330487656,0.0
19.459459459455253,3.099753749316418,3.311099122664255,2.3244953128403534,0.0
16.75675675675502,2.7900280845536893,3.1211237236055447,2.030657549886567,0.0
2.8228228228228227,0.9182182182182183,1.0397397397397399,1.0027027027027027,0.0
13.113113113112071,2.367776938871717,2.8591567262635023,1.5485769738233532,0.0
13.893893893891544,-2.3726104638835763,2.920594232134603,1.74755265103848,0.0
18.95895895895511,3.0085772548906027,3.2774911840040053,2.305812040359308,0.0
11.291291291247003,2.3101879817629403,2.7166727868832745,1.1006878328214784,0.0
12.012012012010906,2.3334411499760255,2.7732988937961,1.282759965850962,0.0
16.11611611611453,2.7434343126517415,3.0742755284080436,1.927451801413178,0.0
1.7217217217217218,0.9732732732732733,0.9652652652652653,0.9430430430430431,0.0
14.05405405405301,2.448489268700011,2.928824711511486,1.7129396720054857,0.0
11.411411411371104,2.3147187757552268,2.7261170033118733,1.1308944951487836,0.0
15.575575575567207,2.6434226146266506,3.0372696877881338,1.8966655960486116,0.0
11.371371371370223,2.3132445218590005,2.7229747560559616,1.120813032040266,0.0
12.632632632631566,2.3483447355495115,2.8220790019627278,1.438947228081758,0.0
10.050050050048167,2.0932580740011657,2.629683332522907,0.9474474475352697,0.0
18.818818818803546,2.9753486036068475,3.2683545561889766,2.3076918127871866,0.0
19.979979979972466,3.105124093787152,3.3489116359398023,2.4270592724163538,0.0
19.3393393393352,3.0402519891883815,3.304334737350313,2.3558110386222313,0.0
15.935935935919423,-2.4078401142924974,3.077527976361434,2.21472071255194,0.0
12.092092092090992,2.335559902434103,2.7795945571637852,1.303006337150622,0.0
14.734734734733461,-2.387216958659252,2.9857174412514533,1.9448776738150664,0.0
17.897897897895156,2.933183933363037,3.201451038879163,2.148873098337232,0.0
1.5215215215215214,0.9362362362362363,0.909009009009009,1.0021021021021022,0.0
16.15615615615456,2.741224678109694,3.0774332917294918,1.9389559301553672,0.0
2.8428428428428427,1.0247247247247249,1.0025025025025025,1.0833833833833835,0.0
2.4624624624624625,1.071971971971972,0.9792792792792794,1.0485485485485486,0.0
11.9119119119108,2.330688682015766,2.765428845181164,1.2574324986981285,0.0
17.93793793793508,2.9094216344181216,3.205341276675108,2.180373511908701,0.0
19.039039038998606,3.007537362031218,3.283416362210158,2.323747451672411,0.0
18.418418418415218,2.9359340893624655,3.2402168140766627,2.2595079182197693,0.0
10.610610610605104,2.187193789720908,2.6691307617596225,1.0233233239242803,0.0
13.63363363363234,2.42405183373901,2.897102037909911,1.6291408960958211,0.0
11.931931931930821,2.331248867631793,2.7670028663952864,1.262499343040715,0.0
9.209209209147284,1.8151138908309818,2.5828322623383806,0.9692692696773523,0.0
2.982982982982983,1.0045045045045045,0.9894894894894896,0.9990990990990991,0.0
17.137137137116483,2.801707811740961,3.1494400868961017,2.1057599910819493,0.0
18.55855855855519,2.9465384184194843,3.250225698836946,2.2795382401486766,0.0
16.71671671671499,2.8142989468861486,3.117080765137647,1.9981187985956383,0.0
7.2472472472442035,1.6979285579386785,2.9704115113048988,0.9402402402333865,0.0
8.228228228183907,1.664695727359162,2.7706920125326664,0.9264264266925957,0.0
19.619619619615275,3.1175065750556676,3.322224053148304,2.341008616165234,0.0
9.229229229163222,1.7738262667228477,2.418216579023223,1.0819819824038925,0.0
13.073073073072031,2.3661588150066213,2.856073711164222,1.5395484233724075,0.0
15.075075075071402,2.5750684886022333,3.0018807454703462,1.8426067753623936,0.0
12.112112112111012,2.3360788059917903,2.781168370079188,1.3080650866077903,0.0
19.199199199195174,3.0624155873498147,3.2933403502969223,2.305380805420387,0.0
12.612612612611544,2.347909240379729,2.820508007163675,1.433942394169666,0.0
19.679679679675278,3.0684332958256904,3.328279891749842,2.399923256749101,0.0
11.47147147147033,2.316868121831116,2.7308315944065695,1.1460350286753034,0.0
11.331331331330182,2.311734739521513,2.719833732068692,1.1107436910258675,0.0
11.2712712712422,2.309400700597666,2.7151033195482177,1.0956649696200516,0.0
17.817817817800144,2.8707184275989137,3.19787034175723,2.191063609396732,0.0
19.01901901901513,3.0298846423700856,3.2811431282427646,2.2982686738593134,0.0
12.292292292291203,2.340573240319146,2.7953521744971424,1.353526689431587,0.0
16.65665665664566,2.754550099788129,3.115030591163804,2.0419842810598383,0.0
19.87987987983428,3.0955671100978694,3.342041915783155,2.415539122300133,0.0
2.962962962962963,0.9910910910910912,0.9620620620620621,0.9632632632632633,0.0
13.77377377377274,2.411086705603703,2.908884458185936,1.6782743582612285,0.0
17.4174174174149,2.860408023898357,3.168207471682262,2.1121935786505888,0.0
19.519519519515267,3.086939893553164,3.315932716802296,2.349136969161225,0.0
18.478478478475104,2.954687395871002,3.243972385348016,2.254543347454468,0.0
3.7237237237237237,1.0875875875875876,0.9992992992992994,1.0107107107107107,0.0
15.475475475474035,2.6451244835661165,3.0294725623288454,1.8710259394421789,0.0
1.8218218218218218,0.9032032032032032,1.0345345345345347,1.0741741741741742,0.0
3.4834834834834836,1.0911911911911913,1.098998998998999,1.0711711711711713,0.0
14.954954954953632,2.5964197855240285,2.9915135115736327,1.7923258657377683,0.0
2.6626626626626626,1.0001001001001002,0.9728728728728729,0.926026026026026,0.0
14.374374374371305,2.509517016112157,2.9506390043290454,1.7336158204308372,0.0
10.5705705705619,2.2565003825731837,2.6615262290544024,0.9414414464776332,0.0
19.939939939935392,-2.4808091230673064,3.3738800985933843,3.0240537801639884,0.0
1.8618618618618619,0.9792792792792794,0.986886886886887,0.9866866866866867,0.0
10.650650650643081,2.2183225017069104,2.6703865928841166,1.0039039051795513,0.0
17.597597597594973,2.860758796621115,3.1817436336803686,2.151952916824164,0.0
15.395395395388903,2.5995119252572683,3.0254684913552614,1.8963101661298034,0.0
14.594594594591568,2.5316169486769793,2.9667115428302826,1.7669033556068865,0.0
1.4614614614614614,0.9380380380380381,1.0043043043043043,0.9782782782782783,0.0
1.2612612612612613,1.0745745745745747,0.9186186186186186,1.08978978978979,0.0
9.14914914909145,1.7870666775984079,2.458105706234705,1.0113113116799444,0.0
1.7617617617617618,1.0021021021021022,1.0737737737737738,0.9562562562562563,0.0
16.136136136134546,2.746833542637366,3.0756601116673132,1.9288499160124082,0.0
18.23823823823521,2.9695259937843823,3.225477895801709,2.1884708490431697,0.0
1.981981981981982,1.0473473473473474,0.9242242242242242,0.9584584584584585,0.0
17.31731731730125,2.8349215234001477,3.1616930424813914,2.11428887015792,0.0
10.95095095094063,2.2319792328552017,2.6939121848813468,1.0795795813785234,0.0
13.153153153152115,2.3589674842012593,2.862856094010106,1.5680072255904458,0.0
13.313313313312284,2.382102610176319,2.87418795565491,1.5872090662196485,0.0
16.376376376374715,2.7409701384320573,3.0942587288261394,1.990470573413784,0.0
1.941941941941942,0.9610610610610612,1.056956956956957,0.9926926926926928,0.0
13.133133133132093,2.3833991888373003,2.859832177446886,1.5383015690307793,0.0
11.831831831830714,2.328395719894121,2.759132941639778,1.2371617757875342,0.0
13.913913913912326,2.4791017866502787,2.916153161821903,1.6468467961743374,0.0
1.5415415415415414,1.0831831831831833,1.033933933933934,0.9016016016016016,0.0
18.33833833833519,2.968467110171318,3.233036903240356,2.2111636306139655,0.0
10.210210210208063,2.1000310265862248,2.6423497669826435,0.9900900901950328,0.0
15.71571571570752,2.643389056446143,3.04806095338108,1.9301157885062354,0.0
2.942942942942943,1.0205205205205206,0.9240240240240241,1.0227227227227227,0.0
15.6556556556527,2.6469417655412735,3.0432722508326098,1.912353349726427,0.0
2.6826826826826826,1.0963963963963965,0.9036036036036036,0.9142142142142142,0.0
8.28828828824214,1.6784651989979311,2.7578420469451816,0.91681681709573,0.0
11.77177177177065,2.3266183644202463,2.754411389921567,1.2219576978838926,0.0
11.811811811810694,2.3278088780212873,2.757559046842911,1.232093746826265,0.0
15.27527527526701,2.6325064122640343,3.014603869682559,1.8350816014635267,0.0
8.388388388339411,1.6828848872111448,2.773962115012414,0.9520520523489719,0.0
14.894894894888857,2.576879087660343,2.9878063202600873,1.7967172695578248,0.0
14.114114114112118,2.463387581849093,2.932720084869494,1.7134534347306565,0.0
17.617617617614982,2.8690037768727903,3.1829153598318185,2.1484810809816537,0.0
14.754754754618961,2.5633476590856685,2.9775573775572917,-1.7754484471378493,0.0
12.532532532531459,2.3461425743380206,2.814222409141737,1.4138962620378963,0.0
13.49349349349248,2.6470972759577647,2.874832579262578,1.3736345422552936,0.0
14.57457457457187,2.5456985301301525,2.9644321502583146,1.748076186200888,0.0
1.4214214214214214,1.0675675675675675,0.9218218218218218,1.0571571571571572,0.0
10.750750750730317,2.284918282467825,2.6744486310885365,0.9669816483186063,0.0
11.551551551550416,2.319622651699535,2.7371207568348583,1.1662525695746844,0.0
18.29829829827592,2.9172234147693104,3.231990078873332,2.25143195418517,0.0
12.212212212211119,2.3386132149724257,2.789058543994491,1.333337761586877,0.0
14.074074074071254,2.505302294008458,2.92734384523251,1.6618719171396017,0.0
17.357357357361597,3.098848612269035,3.1550080010311574,-1.8717334712310731,0.0
1.6616616616616617,1.0031031031031032,0.9830830830830831,1.008908908908909,0.0
16.93693693692574,2.7724561940304517,3.135541372512486,2.088669920747203,0.0
3.3033033033033035,0.9270270270270271,0.9378378378378379,1.052752752752753,0.0
10.990990990971492,2.2972696966057473,2.6931702528565147,1.025829244639917,0.0
16.556556556554884,-2.418646512166427,3.124475041501311,2.348820657479809,0.0
13.753753753752708,2.408028237327333,2.907482104665611,1.6761544810602351,0.0
8.348348348301037,1.9667421612775575,2.4984679322628365,-0.5236615889320536,0.0
16.33633633632689,2.7349035322536577,3.0914692391666545,1.987051288448338,0.0
12.052052052050948,2.3345092965237684,2.776446797466751,1.2928853069770476,0.0
17.677677677675206,2.8905469175522622,3.186570926756226,2.1411304241897877,0.0
2.6426426426426426,0.9494494494494495,1.0863863863863865,0.9690690690690691,0.0
3.3833833833833835,0.9414414414414415,0.9542542542542543,1.0905905905905906,0.0
18.458458458426435,2.9891324732260234,3.2412191798031804,2.2173996951069963,0.0
19.65965965965528,-2.475452779833731,3.3537112195878773,2.971341226354079,0.0
17.797797797795063,2.928679913608189,3.1941299105189676,2.1311653419714607,0.0
19.799799799795387,3.1358526086833787,3.334856872422481,2.3609402886038344,0.0
14.654654654651692,2.522108897571822,2.971885000264483,1.7911888197526575,0.0
11.171171171121042,2.305314930654633,2.70726116055036,1.070611232866829,0.0
19.599599599595273,3.1154269870272624,3.320830060863642,2.338820878279516,0.0
12.952952952951904,2.355022101545334,2.847189604118736,1.5186258390047052,0.0
12.75275275275191,2.55152613265693,2.820795801630608,-1.270507930450911,0.0
15.295295295293895,2.626410537272006,3.016439579985025,1.8458709002144866,0.0
15.17517517516563,2.632771028298026,3.006846857119866,1.8105564945796295,0.0
8.808808808750605,1.7623606905757097,2.4304993708817655,0.9266266269924178,0.0
3.063063063063063,0.9876876876876878,0.9942942942942944,1.058958958958959,0.0
17.097097097074563,-2.4282024449198536,3.165132576486234,2.462821592378244,0.0
2.1021021021021022,1.0501501501501502,1.0537537537537538,0.921021021021021,0.0
2.3423423423423424,0.9344344344344344,0.9362362362362363,1.0853853853853854,0.0
15.535535535528005,2.627493091935073,3.03493590113642,1.902622129178117,0.0
0.7207207207207207,0.9900900900900902,1.0965965965965967,0.9306306306306307,0.0
2.6226226226226226,1.0461461461461463,0.9814814814814815,0.9354354354354355,0.0
18.078078078075123,2.961751344716426,3.213895743188821,2.1610376856017095,0.0
12.492492492491415,2.3452436074142002,2.811078688890031,1.4038577795140004,0.0
19.399399399395207,3.0457103464240323,3.3085533769119295,2.3631874566704636,0.0
12.552552552551482,2.3465881156613397,2.815794046000712,1.4189116655457834,0.0
10.450450450448995,2.077319234286475,2.6637131755902286,1.0869869870365543,0.0
14.474474474471371,2.539452276858303,2.9569158478792303,1.729236063576424,0.0
14.274274274271034,2.526541759705514,2.941928107174437,1.6916594734471129,0.0
19.43943943943525,3.078677215775591,3.3103481357684337,2.340278633593478,0.0
9.729729729658178,1.9039526143908323,2.6182742260864167,1.043343343966638,0.0
17.69769769769503,-2.438982599243248,3.2099096872919,2.5865889326098768,0.0
15.975975975748257,-2.40853151272975,3.0806577322413267,-2.223479961707536,0.0
18.938938938935163,3.0158351247166233,3.2757584590111044,2.294665999556745,0.0
14.774774774771146,2.543998708600984,2.980115026508716,1.79939382104063,0.0
3.6636636636636637,1.0913913913913915,1.07977977977978,0.9958958958958959,0.0
9.529529529471747,1.8611766181786131,2.6054376049159966,1.024524524914062,0.0
15.635635635634152,2.6789602793732046,3.0402546440140252,1.876420652309079,0.0
15.195195195188816,-2.3951037875187158,3.0210241735635184,2.0499682057728927,0.0
13.433433433432409,2.3823049578011424,2.883682616532365,1.6185369571150614,0.0
10.55055055054459,2.191851587440849,2.6639349470206475,1.0005005012175574,0.0
15.515515515506666,2.6478686081383933,3.03249641492046,-1.877955581182744,0.0
2.2422422422422423,0.926026026026026,0.9700700700700702,0.9068068068068068,0.0
18.79879879877406,3.013330995434829,3.265496968961613,2.267267546019869,0.0
19.719719719715382,3.1229541644380197,3.3294211154006192,2.356590137849026,0.0
10.430430430425302,2.2268615040185775,2.6519423611568302,0.9288288300995635,0.0
18.278278278255343,2.9271354659442506,3.2300479667120876,2.2376163223612657,0.0
13.653653653651523,2.4498990565213754,2.8972473649053923,1.6086890808063619,0.0
3.1831831831831834,0.9308308308308308,1.0123123123123123,0.9552552552552553,0.0
10.870870870861848,2.2861094675518694,2.6841077999197522,1.0015015360954205,0.0
15.95595595594657,2.6927844679179276,3.064239184097277,1.9389204205564037,0.0
11.651651651650523,2.3229015732328837,2.7449857645889275,1.1915594016457878,0.0
17.45745745745496,2.867450118328189,3.1709393183449968,2.114368723115848,0.0
15.095095095088132,2.592541033050574,3.002554062393495,-1.8303739942126904,0.0
10.670670670666262,2.161982410672681,2.6757048507957615,1.0669669673203275,0.0
17.997997997995355,-2.44444231199592,3.2321673640381334,2.6473694482270824,0.0
18.87887887885382,2.460699051933361,3.2968753959708024,2.8216492259907877,0.0
11.751751751750616,2.5167339159584285,2.7426319622481383,1.0282184103387355,0.0
14.794794794789535,-2.3882467694190836,2.9902616478476243,1.9587037217544638,0.0
11.111111111081424,2.3027367982414826,2.702560258691282,1.055634261858049,0.0
18.158158158126792,2.9019514924387733,3.222136996158477,2.2356234522981615,0.0
14.034034034032196,2.435272107258233,2.9279884714003033,1.7209537156197778,0.0
8.668668668612149,1.7005914827831639,2.3228946909469164,1.0327327330800613,0.0
3.2432432432432434,0.982882882882883,1.0225225225225225,0.9824824824824825,0.0
10.190190190188071,2.099280864767644,2.640760559021748,0.9846846847877561,0.0
11.211211211148168,2.3069800161635405,2.7103970092990894,1.0806197486367073,0.0
19.2992992992952,3.0512107282740795,3.301026452222166,2.3370213082346907,0.0
16.81681681680817,2.7670908940414534,3.1266475072686615,2.0665088843540382,0.0
1.5015015015015014,0.9180180180180181,0.9438438438438439,1.083983983983984,0.0
18.638638638635058,3.0186201094573755,3.253459506981082,2.2280393973399715,0.0
2.5625625625625625,1.0525525525525525,0.9202202202202202,1.0041041041041041,0.0
18.978978978934876,3.038624397878398,3.277889887382599,2.281495352828848,0.0
9.549549549469136,1.9098188739019228,2.6026820296328594,0.9794794805311074,0.0
14.134134134131793,2.478203476755007,2.9334885002821096,1.7038787957648454,0.0
12.59259259258394,-2.347462205657408,2.8189370641500804,-1.4289439631231513,0.0
8.908908908847916,1.7816205747945206,2.4823179888773463,0.9186186190051725,0.0
12.812812812811757,2.3521631608400617,2.8362099145835775,1.4838625001127421,0.0
2.1621621621621623,0.9676676676676677,0.9028028028028028,0.9524524524524525,0.0
15.895895895885417,-2.4071474967446935,3.0745551544529293,2.2059483275870284,0.0
12.792792792791733,2.3517472859246706,2.83464056756395,1.4788837622101758,0.0
8.16816816812612,1.6617067625802169,2.76152410823494,0.9058058060579028,0.0
15.83583583582371,-2.406110428086483,3.069913077095408,2.192760846892915,0.0
11.571571571570438,2.320292576165497,2.7386934726951915,1.1713112546762123,0.0
13.873873873872814,2.4837155721242885,2.912760224189051,1.632024396607514,0.0
17.77777777777523,2.888780790448641,3.194144543390767,2.1649266764041606,0.0
14.8748748748679,-2.389619130290812,2.996443112817525,1.9770826912054598,0.0
11.31131131131016,2.3109662422193575,2.7182423928814754,1.1057138222900678,0.0
17.25725725725506,2.8607085762446816,3.156130730811728,2.0760519644479163,0.0
17.117117117114834,2.8536224171650577,3.1458140669579095,2.0513145260439636,0.0
3.3433433433433435,1.047947947947948,0.9902902902902904,1.0737737737737738,0.0
10.970970970955007,2.2806784264578366,2.692535498610075,1.036536547516988,0.0
10.41041041040722,2.135004128001455,2.656298576297816,1.0157157159263586,0.0
17.55755755754735,2.855774719735199,3.1789169848664662,2.1478488861677416,0.0
18.678678678675176,2.986043057156351,3.257597807363583,2.267602442684662,0.0
16.41641641641474,2.7684253345335166,3.0961315534804124,1.9732106320091274,0.0
19.139139138570016,3.048500590620715,-3.289289282814067,-2.305943061564967,0.0
19.559559559555268,3.0828598113595396,3.3190024953363353,2.361329082588839,0.0
8.148148148103832,1.883042979903438,3.0053886039101183,0.978878878762626,0.0
2.8028028028028027,0.9526526526526526,1.0073073073073073,0.9778778778778779,0.0
2.042042042042042,0.9952952952952954,1.0917917917917919,1.0263263263263265,0.0
19.73973973973538,3.1109957908503745,3.3312816794241633,2.372036778694063,0.0
1.1411411411411412,0.9326326326326326,1.0107107107107107,1.0873873873873876,0.0
2.3823823823823824,1.0297297297297299,1.0355355355355356,0.9822822822822823,0.0
13.513513513512494,2.3878702714903888,2.889688789572653,1.6339108718780542,0.0
14.254254254251117,2.5210997986354804,2.9406412931190404,1.691964134199913,0.0
19.239239239235186,3.0427927599202245,3.2968956311712145,2.3324130384154946,0.0
19.179179179175176,3.0698646905387585,3.2915384346271366,2.29410833445572,0.0
12.132132132131034,2.3365936244123047,2.782742127866429,1.313122493489984,0.0
15.435435435433536,2.6505807333342224,3.026128863751671,1.8560917973177422,0.0
1.8418418418418419,1.0917917917917919,1.0815815815815817,1.0901901901901903,0.0
13.233233233232198,2.3605067095666055,2.8691160185504274,1.5876627300479818,0.0
9.369369369292484,1.8342369213763994,2.594518502137495,1.0013013019950696,0.0
12.07207207207097,2.3350367690534988,2.7780206974477824,1.2979463780746174,0.0
3.5235235235235236,0.9640640640640641,1.0833833833833835,0.9412412412412413,0.0
13.33333333329212,2.6267218602449773,2.8631374344143685,1.3515604429148784,0.0
10.47047047046334,2.247522509277992,2.6539372223221576,0.9202202237317503,0.0
0.960960960960961,0.9418418418418418,0.9418418418418418,1.0843843843843846,0.0
9.289289289225565,1.8425457082413281,2.5869551640060986,0.966266266689522,0.0
18.858858858855097,3.0212656151216803,3.2696554113396545,2.2725033036456668,0.0
16.856856856854673,2.810265466538748,3.1278701063340946,2.0339998910076087,0.0
10.110110110108884,2.0488455285999523,2.6378720895488557,1.0117117117454872,0.0
9.069069069006138,1.7473895181058403,2.3778570977612974,1.0837837841811273,0.0
16.8768768768751,2.8041156253524786,3.1296638519148057,2.044480371997872,0.0
12.89289289289184,2.3538076314587264,2.8424852792755075,1.5037463648919733,0.0
15.875875875874335,2.6581338836519586,3.05968041857677,1.9537188904828777,0.0
10.930930930918292,2.251746966903068,2.6910523251537177,1.053753757081089,0.0
3.3233233233233235,0.9394394394394394,1.0681681681681683,0.9890890890890891,0.0
9.349349349296565,1.92137535438527,2.5849396520078147,0.9026026029638856,0.0
2.4824824824824825,0.9770770770770771,0.9744744744744746,0.9464464464464465,0.0
13.813813813812024,2.4666354449186674,2.908951184335261,1.6334740048210128,0.0
12.69269269269163,2.3496371348621787,2.8267909553370645,1.453945110509828,0.0
18.718718718715202,2.963064930937931,3.2614073187182777,2.2980618406836526,0.0
9.44944944938047,1.8941807649199,2.5956815438967755,0.9636636643678729,0.0
18.03803803803519,2.9455558767341357,3.2115133504304563,2.1677477761993735,0.0
10.270270270267554,2.1251734175045023,2.645509773229737,0.9828828830507688,0.0
16.016016015998936,2.6770176565117345,3.0695595696787734,1.9683745079580124,0.0
9.509509509453295,1.8261495317727299,2.556029731886982,1.0605605609278033,0.0
19.41941941938344,3.044358201827518,3.3100697089325575,2.3686524167674112,0.0
8.928928928865956,1.7211464175542133,2.342916097565065,1.092992993386023,0.0
9.129129129065031,1.7778320536439776,2.435083640269289,1.02772772813607,0.0
16.216216216214605,2.7342958988949335,3.0823249345386805,1.9596846949445301,0.0
11.691691691690565,2.3241656201484875,2.7481326387437144,1.2016897094027021,0.0
8.748748748692268,1.7413762901156236,2.3860080270144506,0.9574574578095021,0.0
19.539539539535262,-2.4731676076582385,3.345014572713576,2.948586854894694,0.0
19.77977977976977,2.4777387885553503,3.362334444903751,2.994002634487888,0.0
8.968968968917983,1.7939566270303924,2.5645043835156303,0.9122122125460317,0.0
8.50850850845334,1.9564744190369234,3.0050801822120654,0.9762762761214182,0.0
11.051051051019595,2.3000571242401504,2.697863166505076,1.0407049498954895,0.0
16.996996996994756,2.8132640856833198,3.138376947273589,2.0629504508899807,0.0
3.5435435435435436,1.0511511511511513,1.0545545545545547,1.0017017017017018,0.0
15.315315315309004,-2.397161572998898,3.0302718589518567,2.077041954601841,0.0
12.25225225225116,2.3396002986172224,2.7922055369637158,1.3434358458661033,0.0
10.3903903903867,2.151237046436,2.6535550803637857,0.9930930933838716,0.0
11.391391391335667,2.3139859320954774,2.7245458997222824,1.1258524006444666,0.0
8.528528528475842,1.6866949634232478,2.8002564472013174,1.006706707027685,0.0
18.498498498495074,2.996707433717433,3.243854631783345,2.21880720483542,0.0
8.788788788731376,1.7067107338394087,2.327321993053569,1.0699699703250058,0.0
9.04904904898643,1.7761167165736136,2.438924765319744,0.9970970974947145,0.0
18.39839839839527,2.9597617686833217,3.237842092643202,2.2324407365078742,0.0
1.6016016016016017,1.0625625625625625,1.008908908908909,1.0983983983983985,0.0
16.536536535678025,2.7303926592196834,3.1068851080733046,-2.037735114663655,0.0
10.150150150148932,2.018075358132408,2.6435517093646923,1.0559559559849325,0.0
9.66966966966841,1.988159729208244,2.6061571450487193,0.9360360360647894,0.0
14.234234234231637,2.486507321668364,2.94088836026359,1.721019128299758,0.0
18.75875875875514,3.020257802292161,3.26229214942391,2.2521491392319093,0.0
10.030030030028806,1.9721813824249859,2.6373472475884214,1.0663663663910936,0.0
18.05805805745815,2.9055171687370813,3.2145283143870507,2.2103904520907665,0.0
12.41241241241133,2.3434120711722684,2.8047895637504014,1.383751853677995,0.0
3.123123123123123,0.936036036036036,0.9126126126126126,1.0275275275275275,0.0
18.998998998995177,3.0208247346807444,3.2799988234234414,2.3026436657245837,0.0
10.330330330328964,2.070846726094596,2.6543351609008905,1.0569569570010138,0.0
15.055055055051234,2.6118207030733744,2.998536148106313,1.8017555452003076,0.0
19.079079079075196,3.28039690490546,3.277508928017551,-2.074623843731376,0.0
11.991991991990885,2.3329001826420646,2.7717249062123077,1.2776959656935123,0.0
15.35535535534798,2.6210635424222875,3.0213384096684797,-1.8655938921666446,0.0
16.5765765765749,2.7925030649154503,3.107335359051172,1.9869474808721876,0.0
11.59159159159046,2.320955275086336,2.7402663415104653,1.1763714245693622,0.0
17.577577577574964,2.856250783553801,3.180422918507723,2.151837703477215,0.0
8.42842842837832,1.6937339516392396,2.7612570616031253,0.9408408411460606,0.0
1.3013013013013013,1.026126126126126,0.9178178178178178,1.068968968968969,0.0
10.830830830823748,2.28004048283784,2.681225006923737,0.9956957039108453,0.0
2.7227227227227226,0.9944944944944946,0.905005005005005,0.9078078078078078,0.0
14.814814814813523,2.5925644222284383,2.980813933157833,1.7616503514935653,0.0
10.010010010008786,1.9602689117367853,2.6366905953741564,1.0725725725963418,0.0
12.73273273273167,-2.3504870076369113,2.8299311698312155,1.4639299519255475,0.0
19.579579579575277,3.0590620934741124,3.321288013116915,2.388050857573347,0.0
9.569569569509017,1.9537657745649433,2.6006142331745603,0.9398398402580062,0.0
17.33733733733469,3.0966748754919955,3.1535933303978525,1.8693112848645415,0.0
9.489489489426239,1.8833232306865901,2.600018044441206,0.9880880885839152,0.0
12.872872872871818,2.353399231916219,2.8409167452063775,1.4987801754700898,0.0
19.919919919915387,3.0939147795711626,3.344939263563224,2.4253384520215664,0.0
1.6416416416416417,1.0607607607607608,0.9682682682682683,0.9810810810810812,0.0
13.953953953951737,-2.3736741077330707,2.9252759477879144,1.761878996567154,0.0
8.768768768709492,1.7117304351760854,2.334906626703111,1.0475475479142418,0.0
18.358358358355073,2.9517470896731726,3.235159033631593,2.2314400316296052,0.0
17.877877877840678,2.8831116338183085,3.2018656008407542,2.1923884239107214,0.0
13.193193193192663,2.7178133866341327,6.497784384809051,6.145362514395893,0.0
12.772772772771713,2.351329382558164,2.833071019713039,1.4739020186203828,0.0
9.18918918912845,1.7915137814633812,2.4665596658878304,1.0167167171057268,0.0
19.639639639635288,3.120378732656863,3.323591269691111,2.3424446603669096,0.0
13.293293293292022,2.4122421163844288,2.8708738230655504,1.5519241069752843,0.0
9.769769769700405,1.8999083996813981,2.6219889581987372,1.06036036090779,0.0
15.755755755754691,3.046620700220196,6.911040899777356,6.556586831118958,0.0
8.648648648596025,1.7404264181123799,2.3930153766145996,0.9138138141411287,0.0
1.7417417417417418,1.0487487487487488,1.0685685685685686,0.9624624624624625,0.0
19.25925925922862,3.080121537672179,3.2970768286057806,2.3012126559550086,0.0
12.192192192191097,2.3381140949104884,2.7874849247643216,1.328286249915888,0.0
10.250250250248916,2.066595319329401,2.6480718719548313,1.036736736778663,0.0
15.775775775774266,2.7051806712036983,3.0498536465157655,1.8842985082203882,0.0
15.815815815809712,2.659983264904991,3.054981878139371,1.9377071841550795,0.0
14.334334334331434,2.4931258072987452,2.948371456261747,1.7397208581170724,0.0
18.438438438435323,2.9357869274668302,3.2417027872597473,2.2639655804893013,0.0
14.854854854850984,2.5843393961049026,2.984327831182124,1.7795629600410563,0.0
11.151151151120631,2.3044662877299555,2.705693795387795,1.0656141449910355,0.0
2.2822822822822824,1.0657657657657658,1.0543543543543543,1.062962962962963,0.0
2.062062062062062,1.064764764764765,1.0811811811811813,1.0423423423423424,0.0
14.974974974966651,2.5723279211680103,2.994250753103433,1.8208244697611633,0.0
16.45645645645092,2.739607543775626,3.100444726122221,2.010328507144188,0.0
14.394394394391316,-2.3813591527256377,2.9593797784184233,1.8658545979888326,0.0
14.49449449449136,2.5242538498606635,2.9592575474472045,1.7491900053603942,0.0
17.957957957955106,2.947033258340244,3.2054004237202993,2.1488197256725114,0.0
17.17717717714667,2.839247357565096,3.150948141975284,2.0786571401398066,0.0
15.21521521521034,2.6025224694397733,3.011390593961198,1.8498156209166705,0.0
10.370370370365661,2.2166693683952685,2.6476857709151167,0.920820821803216,0.0
1.1611611611611612,1.0025025025025025,0.9346346346346347,1.0763763763763765,0.0
9.629629629504194,1.9317828463325408,2.607467134083198,0.9820820844499586,0.0
12.452452452451373,2.344333639049418,2.807934395997911,1.3938094749462944,0.0
16.636636636613378,-2.420055726544166,3.130498086165137,2.3658684470404023,0.0
17.977977977956087,-2.444079953003998,3.2306859964161307,2.6433366593714136,0.0
13.573573573572554,2.380678291741227,2.8948548617167296,1.6567332852024208,0.0
10.770770770760047,2.286027423775352,2.676005259487772,0.9718393800586798,0.0
3.2832832832832834,1.0517517517517518,0.9598598598598599,1.0353353353353354,0.0
2.1421421421421423,1.0395395395395397,0.9644644644644645,0.9960960960960962,0.0
18.518518518515126,2.9936210192579593,3.2454489961663375,2.2260496195784296,0.0
1.3213213213213213,0.9654654654654655,1.03993993993994,0.9620620620620621,0.0
16.49649649649485,2.7643474699190014,3.10242852154225,1.995658601701673,0.0
17.05705705701755,2.8406188017011234,3.1417995041156237,-2.050237645430644,0.0
19.379379379378573,3.0653560225882206,3.306400435307793,2.340363408184598,0.0
13.033033033031987,2.3612495528484585,2.853183989155485,1.5337891029681634,0.0
13.553553553552534,2.395239944536923,2.8924241964992796,1.636998113347183,0.0
10.69069069068382,2.206024159542808,2.6744271292007906,1.028328329256743,0.0
3.023023023023023,0.9542542542542543,0.9012012012012012,0.92002002002002,0.0
16.356356356354695,2.7377639107571494,3.0928715570016023,1.9889297069525218,0.0
16.236236236231772,2.708260113959148,3.0850031072375868,1.9895807297091772,0.0
18.618618618594052,2.9863923463442306,3.2531356442667394,2.254414252871921,0.0
13.05305305305201,2.3570134315787667,2.8550257422964656,1.5433590082932138,0.0
19.959959959955388,3.1222268415161882,3.3469044618365484,2.406772701219321,0.0
16.836836836835076,2.8186670062097217,3.1260090882492233,2.0213524013744055,0.0
2.2622622622622623,0.9220220220220221,0.9574574574574575,0.9910910910910912,0.0
15.255255255253866,2.6230701271559873,3.013502032514186,1.8394433195923308,0.0
12.37237237237129,2.3424785726489232,2.801644226054143,1.3736851538988366,0.0
